{
  "weights_path": "experiments/r001/imdv_mnist_latest.npz",
  "encoding": "loo-inhibited",
  "template_count": 100,
  "train_samples": 60000,
  "test_samples": 10000,
  "train_accuracy": 0.5455333333333333,
  "test_accuracy": 0.5586,
  "top3_accuracy": 0.7475,
  "top5_accuracy": 0.8438,
  "train_active_fraction": 0.046683666666666665,
  "test_active_fraction": 0.048796,
  "regularization_C": 1.0,
  "max_iter": 1000,
  "classification_report": {
    "0": {
      "precision": 0.8681672025723473,
      "recall": 0.5510204081632653,
      "f1-score": 0.6741573033707865,
      "support": 980.0
    },
    "1": {
      "precision": 0.9147442326980942,
      "recall": 0.8035242290748899,
      "f1-score": 0.8555347091932458,
      "support": 1135.0
    },
    "2": {
      "precision": 0.22808671065032987,
      "recall": 0.937984496124031,
      "f1-score": 0.36694465504169826,
      "support": 1032.0
    },
    "3": {
      "precision": 0.7105606258148631,
      "recall": 0.5396039603960396,
      "f1-score": 0.6133933595948228,
      "support": 1010.0
    },
    "4": {
      "precision": 0.6818181818181818,
      "recall": 0.3665987780040733,
      "f1-score": 0.4768211920529801,
      "support": 982.0
    },
    "5": {
      "precision": 0.6025641025641025,
      "recall": 0.21076233183856502,
      "f1-score": 0.3122923588039867,
      "support": 892.0
    },
    "6": {
      "precision": 0.9137931034482759,
      "recall": 0.6638830897703549,
      "f1-score": 0.7690447400241838,
      "support": 958.0
    },
    "7": {
      "precision": 0.9239669421487603,
      "recall": 0.5437743190661478,
      "f1-score": 0.6846295162278015,
      "support": 1028.0
    },
    "8": {
      "precision": 0.7320675105485233,
      "recall": 0.35626283367556466,
      "f1-score": 0.47928176795580113,
      "support": 974.0
    },
    "9": {
      "precision": 0.7033112582781457,
      "recall": 0.5262636273538157,
      "f1-score": 0.6020408163265306,
      "support": 1009.0
    },
    "accuracy": 0.5586,
    "macro avg": {
      "precision": 0.7279079870541624,
      "recall": 0.5499678073466747,
      "f1-score": 0.5834140418591838,
      "support": 10000.0
    },
    "weighted avg": {
      "precision": 0.7297049538639309,
      "recall": 0.5586,
      "f1-score": 0.5891547053368459,
      "support": 10000.0
    }
  },
  "confusion_matrix": [
    [
      540,
      0,
      382,
      6,
      0,
      6,
      40,
      0,
      6,
      0
    ],
    [
      0,
      912,
      222,
      0,
      0,
      0,
      1,
      0,
      0,
      0
    ],
    [
      6,
      14,
      968,
      18,
      0,
      3,
      5,
      3,
      15,
      0
    ],
    [
      1,
      2,
      401,
      545,
      1,
      33,
      0,
      1,
      26,
      0
    ],
    [
      1,
      18,
      432,
      0,
      360,
      1,
      6,
      0,
      0,
      164
    ],
    [
      40,
      1,
      497,
      86,
      0,
      188,
      6,
      0,
      73,
      1
    ],
    [
      12,
      2,
      293,
      0,
      0,
      13,
      636,
      0,
      2,
      0
    ],
    [
      1,
      27,
      389,
      0,
      8,
      0,
      0,
      559,
      0,
      44
    ],
    [
      13,
      11,
      411,
      102,
      6,
      64,
      2,
      3,
      347,
      15
    ],
    [
      8,
      10,
      249,
      10,
      153,
      4,
      0,
      39,
      5,
      531
    ]
  ]
}