{
  "feedback": {
    "label": "with feedback",
    "layer1_id": "SignedResidualLearning_1",
    "layer2_id": "SignedResidualLearning_3",
    "layer1_shape": [
      36,
      784
    ],
    "layer2_shape": [
      25,
      36
    ],
    "train_accuracy": 0.8646,
    "test_accuracy": 0.8673,
    "top3_accuracy": 0.9725,
    "top5_accuracy": 0.9902,
    "train_active_fraction": 1.0,
    "test_active_fraction": 1.0,
    "recon_err_l1_train": 0.02136111818253994,
    "recon_err_l2_train": 0.09016752243041992,
    "recon_err_l1_test": 0.021501416340470314,
    "recon_err_l2_test": 0.09125495702028275,
    "recon_err_e2e_train": 0.05627899244427681,
    "recon_err_e2e_test": 0.05655377358198166,
    "max_iter": 1000,
    "dataset": "digits",
    "graph_path": "ax_graphs/feedback1.json",
    "classification_report": {
      "0": {
        "precision": 0.9153386454183267,
        "recall": 0.9377551020408164,
        "f1-score": 0.9264112903225806,
        "support": 980.0
      },
      "1": {
        "precision": 0.94229112833764,
        "recall": 0.9638766519823788,
        "f1-score": 0.9529616724738676,
        "support": 1135.0
      },
      "2": {
        "precision": 0.863773965691221,
        "recall": 0.8294573643410853,
        "f1-score": 0.8462679189322788,
        "support": 1032.0
      },
      "3": {
        "precision": 0.8391812865497076,
        "recall": 0.8524752475247525,
        "f1-score": 0.8457760314341847,
        "support": 1010.0
      },
      "4": {
        "precision": 0.8423694779116466,
        "recall": 0.8543788187372708,
        "f1-score": 0.8483316481294236,
        "support": 982.0
      },
      "5": {
        "precision": 0.7985611510791367,
        "recall": 0.7466367713004485,
        "f1-score": 0.7717265353418308,
        "support": 892.0
      },
      "6": {
        "precision": 0.899063475546306,
        "recall": 0.9018789144050104,
        "f1-score": 0.9004689942678479,
        "support": 958.0
      },
      "7": {
        "precision": 0.8983903420523138,
        "recall": 0.8686770428015564,
        "f1-score": 0.8832838773491593,
        "support": 1028.0
      },
      "8": {
        "precision": 0.8380566801619433,
        "recall": 0.8501026694045175,
        "f1-score": 0.8440366972477065,
        "support": 974.0
      },
      "9": {
        "precision": 0.816267942583732,
        "recall": 0.8453914767096135,
        "f1-score": 0.8305744888023369,
        "support": 1009.0
      },
      "accuracy": 0.8673,
      "macro avg": {
        "precision": 0.8653294095331974,
        "recall": 0.8650630059247449,
        "f1-score": 0.8649839154301218,
        "support": 10000.0
      },
      "weighted avg": {
        "precision": 0.8669773151001411,
        "recall": 0.8673,
        "f1-score": 0.8669325119592973,
        "support": 10000.0
      }
    },
    "confusion_matrix": [
      [
        919,
        0,
        7,
        6,
        1,
        24,
        12,
        1,
        9,
        1
      ],
      [
        0,
        1094,
        6,
        4,
        0,
        5,
        4,
        0,
        22,
        0
      ],
      [
        12,
        22,
        856,
        26,
        21,
        8,
        25,
        21,
        25,
        16
      ],
      [
        8,
        7,
        24,
        861,
        3,
        48,
        3,
        18,
        27,
        11
      ],
      [
        2,
        1,
        10,
        2,
        839,
        14,
        19,
        7,
        12,
        76
      ],
      [
        17,
        10,
        10,
        64,
        35,
        666,
        21,
        23,
        31,
        15
      ],
      [
        20,
        3,
        20,
        3,
        13,
        22,
        864,
        3,
        10,
        0
      ],
      [
        5,
        12,
        37,
        13,
        13,
        2,
        0,
        893,
        6,
        47
      ],
      [
        12,
        7,
        13,
        37,
        7,
        26,
        13,
        5,
        828,
        26
      ],
      [
        9,
        5,
        8,
        10,
        64,
        19,
        0,
        23,
        18,
        853
      ]
    ]
  },
  "no_feedback": {
    "label": "no feedback",
    "layer1_id": "SignedResidualLearning_4",
    "layer2_id": "SignedResidualLearning_5",
    "layer1_shape": [
      36,
      784
    ],
    "layer2_shape": [
      25,
      36
    ],
    "train_accuracy": 0.8775833333333334,
    "test_accuracy": 0.8866,
    "top3_accuracy": 0.9747,
    "top5_accuracy": 0.9918,
    "train_active_fraction": 1.0,
    "test_active_fraction": 1.0,
    "recon_err_l1_train": 0.024248452857136726,
    "recon_err_l2_train": 0.14007727801799774,
    "recon_err_l1_test": 0.024042218923568726,
    "recon_err_l2_test": 0.14069636166095734,
    "recon_err_e2e_train": 0.02956743724644184,
    "recon_err_e2e_test": 0.02932598814368248,
    "max_iter": 1000,
    "dataset": "digits",
    "graph_path": "ax_graphs/feedback1.json",
    "classification_report": {
      "0": {
        "precision": 0.9191820837390458,
        "recall": 0.963265306122449,
        "f1-score": 0.9407075236671649,
        "support": 980.0
      },
      "1": {
        "precision": 0.9515570934256056,
        "recall": 0.9691629955947136,
        "f1-score": 0.9602793539938891,
        "support": 1135.0
      },
      "2": {
        "precision": 0.8821178821178821,
        "recall": 0.8556201550387597,
        "f1-score": 0.8686669945892769,
        "support": 1032.0
      },
      "3": {
        "precision": 0.8661417322834646,
        "recall": 0.8712871287128713,
        "f1-score": 0.8687068114511353,
        "support": 1010.0
      },
      "4": {
        "precision": 0.867504835589942,
        "recall": 0.9134419551934827,
        "f1-score": 0.8898809523809523,
        "support": 982.0
      },
      "5": {
        "precision": 0.8207126948775055,
        "recall": 0.8262331838565022,
        "f1-score": 0.823463687150838,
        "support": 892.0
      },
      "6": {
        "precision": 0.9171907756813418,
        "recall": 0.9133611691022965,
        "f1-score": 0.9152719665271967,
        "support": 958.0
      },
      "7": {
        "precision": 0.9009803921568628,
        "recall": 0.8939688715953308,
        "f1-score": 0.8974609375,
        "support": 1028.0
      },
      "8": {
        "precision": 0.8583877995642701,
        "recall": 0.8090349075975359,
        "f1-score": 0.8329809725158562,
        "support": 974.0
      },
      "9": {
        "precision": 0.8637295081967213,
        "recall": 0.8354806739345887,
        "f1-score": 0.8493702770780857,
        "support": 1009.0
      },
      "accuracy": 0.8866,
      "macro avg": {
        "precision": 0.8847504797632642,
        "recall": 0.885085634674853,
        "f1-score": 0.8846789476854395,
        "support": 10000.0
      },
      "weighted avg": {
        "precision": 0.8862379416220408,
        "recall": 0.8866,
        "f1-score": 0.8861819826620596,
        "support": 10000.0
      }
    },