{
  "weights_path": "experiments/r002/imdv_mnist_latest.npz",
  "encoding": "loo-inhibited",
  "template_count": 100,
  "train_samples": 60000,
  "test_samples": 10000,
  "train_accuracy": 0.8981666666666667,
  "test_accuracy": 0.9006,
  "top3_accuracy": 0.9785,
  "top5_accuracy": 0.9938,
  "train_active_fraction": 0.5480808333333334,
  "test_active_fraction": 0.55239,
  "regularization_C": 1.0,
  "max_iter": 1000,
  "classification_report": {
    "0": {
      "precision": 0.9224806201550387,
      "recall": 0.9714285714285714,
      "f1-score": 0.9463220675944334,
      "support": 980.0
    },
    "1": {
      "precision": 0.9686411149825784,
      "recall": 0.9797356828193833,
      "f1-score": 0.9741568112133158,
      "support": 1135.0
    },
    "2": {
      "precision": 0.9007021063189569,
      "recall": 0.8701550387596899,
      "f1-score": 0.8851651059635288,
      "support": 1032.0
    },
    "3": {
      "precision": 0.8781925343811395,
      "recall": 0.8851485148514852,
      "f1-score": 0.8816568047337278,
      "support": 1010.0
    },
    "4": {
      "precision": 0.8894523326572008,
      "recall": 0.8930753564154786,
      "f1-score": 0.891260162601626,
      "support": 982.0
    },
    "5": {
      "precision": 0.8838323353293414,
      "recall": 0.827354260089686,
      "f1-score": 0.8546612623045744,
      "support": 892.0
    },
    "6": {
      "precision": 0.9050051072522982,
      "recall": 0.9248434237995825,
      "f1-score": 0.9148167268972638,
      "support": 958.0
    },
    "7": {
      "precision": 0.9143700787401575,
      "recall": 0.9036964980544747,
      "f1-score": 0.9090019569471625,
      "support": 1028.0
    },
    "8": {
      "precision": 0.8558375634517766,
      "recall": 0.8655030800821355,
      "f1-score": 0.8606431852986217,
      "support": 974.0
    },
    "9": {
      "precision": 0.8735059760956175,
      "recall": 0.869177403369673,
      "f1-score": 0.8713363139592648,
      "support": 1009.0
    },
    "accuracy": 0.9006,
    "macro avg": {
      "precision": 0.8992019769364106,
      "recall": 0.899011782967016,
      "f1-score": 0.8989020397513519,
      "support": 10000.0
    },
    "weighted avg": {
      "precision": 0.9003678990861513,
      "recall": 0.9006,
      "f1-score": 0.900289593413058,
      "support": 10000.0
    }
  },
  "confusion_matrix": [
    [
      952,
      0,
      1,
      2,
      0,
      10,
      9,
      3,
      3,
      0
    ],
    [
      0,
      1112,
      2,
      3,
      0,
      2,
      4,
      1,
      11,
      0
    ],
    [
      13,
      2,
      898,
      17,
      10,
      5,
      21,
      17,
      41,
      8
    ],
    [
      6,
      0,
      22,
      894,
      2,
      37,
      1,
      15,
      22,
      11
    ],
    [
      1,
      1,
      9,
      2,
      877,
      0,
      20,
      3,
      10,
      59
    ],
    [
      13,
      2,
      10,
      49,
      15,
      738,
      20,
      8,
      31,
      6
    ],
    [
      23,
      3,
      10,
      0,
      14,
      13,
      886,
      4,
      5,
      0
    ],
    [
      3,
      13,
      28,
      5,
      8,
      0,
      1,
      929,
      8,
      33
    ],
    [
      8,
      8,
      10,
      29,
      13,
      23,
      15,
      15,
      843,
      10
    ],
    [
      13,
      7,
      7,
      17,
      47,
      7,
      2,
      21,
      11,
      877
    ]
  ]
}