{
  "weights_path": "experiments_crg/r004_fashion/crg_mnist_latest.npz",
  "encoding": "loo-inhibited",
  "template_count": 100,
  "train_samples": 60000,
  "test_samples": 10000,
  "train_accuracy": 0.83725,
  "test_accuracy": 0.8255,
  "top3_accuracy": 0.9774,
  "top5_accuracy": 0.9956,
  "train_active_fraction": 0.5165131666666667,
  "test_active_fraction": 0.516731,
  "regularization_C": 1.0,
  "max_iter": 1000,
  "classification_report": {
    "0": {
      "precision": 0.8080402010050252,
      "recall": 0.804,
      "f1-score": 0.806015037593985,
      "support": 1000.0
    },
    "1": {
      "precision": 0.9831932773109243,
      "recall": 0.936,
      "f1-score": 0.9590163934426229,
      "support": 1000.0
    },
    "2": {
      "precision": 0.7242455775234131,
      "recall": 0.696,
      "f1-score": 0.7098419173890872,
      "support": 1000.0
    },
    "3": {
      "precision": 0.7992599444958371,
      "recall": 0.864,
      "f1-score": 0.8303700144161461,
      "support": 1000.0
    },
    "4": {
      "precision": 0.6892138939670932,
      "recall": 0.754,
      "f1-score": 0.720152817574021,
      "support": 1000.0
    },
    "5": {
      "precision": 0.9325153374233128,
      "recall": 0.912,
      "f1-score": 0.9221435793731041,
      "support": 1000.0
    },
    "6": {
      "precision": 0.5895096921322691,
      "recall": 0.517,
      "f1-score": 0.5508790623335109,
      "support": 1000.0
    },
    "7": {
      "precision": 0.8922155688622755,
      "recall": 0.894,
      "f1-score": 0.8931068931068931,
      "support": 1000.0
    },
    "8": {
      "precision": 0.9143135345666992,
      "recall": 0.939,
      "f1-score": 0.9264923532313765,
      "support": 1000.0
    },
    "9": {
      "precision": 0.9090029041626331,
      "recall": 0.939,
      "f1-score": 0.9237579931136252,
      "support": 1000.0
    },
    "accuracy": 0.8255,
    "macro avg": {
      "precision": 0.8241509931449483,
      "recall": 0.8255000000000001,
      "f1-score": 0.8241776061574372,
      "support": 10000.0
    },
    "weighted avg": {
      "precision": 0.8241509931449483,
      "recall": 0.8255,
      "f1-score": 0.8241776061574372,
      "support": 10000.0
    }
  },
  "confusion_matrix": [
    [
      804,
      5,
      17,
      63,
      4,
      4,
      83,
      0,
      20,
      0
    ],
    [
      3,
      936,
      7,
      41,
      6,
      0,
      5,
      0,
      2,
      0
    ],
    [
      14,
      0,
      696,
      13,
      161,
      3,
      101,
      0,
      12,
      0
    ],
    [
      30,
      8,
      10,
      864,
      38,
      2,
      43,
      0,
      5,
      0
    ],
    [
      0,
      0,
      99,
      39,
      754,
      1,
      101,
      0,
      6,
      0
    ],
    [
      0,
      0,
      0,
      2,
      0,
      912,
      0,
      56,
      7,
      23
    ],
    [
      143,
      2,
      124,
      49,
      130,
      1,
      517,
      0,
      34,
      0
    ],
    [
      0,
      0,
      0,
      0,
      0,
      34,
      0,
      894,
      1,
      71
    ],
    [
      1,
      1,
      8,
      10,
      1,
      5,
      27,
      8,
      939,
      0
    ],
    [
      0,
      0,
      0,
      0,
      0,
      16,
      0,
      44,
      1,
      939
    ]
  ]
}