{
  "feedback": {
    "label": "with feedback",
    "layer1_id": "SignedResidualLearning_1",
    "layer2_id": "SignedResidualLearning_3",
    "layer1_shape": [
      36,
      784
    ],
    "layer2_shape": [
      25,
      36
    ],
    "train_accuracy": 0.8522666666666666,
    "test_accuracy": 0.8607,
    "top3_accuracy": 0.9688,
    "top5_accuracy": 0.9897,
    "train_active_fraction": 1.0,
    "test_active_fraction": 1.0,
    "recon_err_l1_train": 0.09827378392219543,
    "recon_err_l2_train": 0.32263073325157166,
    "recon_err_l1_test": 0.09781323373317719,
    "recon_err_l2_test": 0.32325980067253113,
    "recon_err_e2e_train": 0.10028541833162308,
    "recon_err_e2e_test": 0.10102514177560806,
    "max_iter": 1000,
    "dataset": "digits",
    "graph_path": "ax_graphs/feedback1.json",
    "classification_report": {
      "0": {
        "precision": 0.9279279279279279,
        "recall": 0.9459183673469388,
        "f1-score": 0.9368367862556847,
        "support": 980.0
      },
      "1": {
        "precision": 0.9447322970639033,
        "recall": 0.9638766519823788,
        "f1-score": 0.9542084605320541,
        "support": 1135.0
      },
      "2": {
        "precision": 0.8451282051282051,
        "recall": 0.7984496124031008,
        "f1-score": 0.8211260587942202,
        "support": 1032.0
      },
      "3": {
        "precision": 0.823076923076923,
        "recall": 0.8475247524752475,
        "f1-score": 0.8351219512195122,
        "support": 1010.0
      },
      "4": {
        "precision": 0.847424684159378,
        "recall": 0.8879837067209776,
        "f1-score": 0.8672302337145699,
        "support": 982.0
      },
      "5": {
        "precision": 0.7734806629834254,
        "recall": 0.7847533632286996,
        "f1-score": 0.7790762381747357,
        "support": 892.0
      },
      "6": {
        "precision": 0.8804573804573804,
        "recall": 0.884133611691023,
        "f1-score": 0.8822916666666667,
        "support": 958.0
      },
      "7": {
        "precision": 0.8996062992125984,
        "recall": 0.8891050583657587,
        "f1-score": 0.8943248532289628,
        "support": 1028.0
      },
      "8": {
        "precision": 0.8064864864864865,
        "recall": 0.7659137577002053,
        "f1-score": 0.785676671932596,
        "support": 974.0
      },
      "9": {
        "precision": 0.834510595358224,
        "recall": 0.819623389494549,
        "f1-score": 0.827,
        "support": 1009.0
      },
      "accuracy": 0.8607,
      "macro avg": {
        "precision": 0.8582831461854452,
        "recall": 0.8587282271408879,
        "f1-score": 0.8582892920519001,
        "support": 10000.0
      },
      "weighted avg": {
        "precision": 0.860304879238563,
        "recall": 0.8607,
        "f1-score": 0.8602851454849755,
        "support": 10000.0
      }
    },
    "confusion_matrix": [
      [
        927,
        0,
        8,
        5,
        2,
        23,
        7,
        5,
        2,
        1
      ],
      [
        0,
        1094,
        4,
        5,
        0,
        3,
        4,
        1,
        24,
        0
      ],
      [
        7,
        16,
        824,
        23,
        28,
        15,
        30,
        19,
        52,
        18
      ],
      [
        7,
        0,
        30,
        856,
        2,
        53,
        7,
        13,
        34,
        8
      ],
      [
        1,
        2,
        3,
        2,
        872,
        2,
        22,
        4,
        10,
        64
      ],
      [
        16,
        11,
        19,
        67,
        11,
        700,
        26,
        5,
        24,
        13
      ],
      [
        18,
        1,
        15,
        4,
        26,
        33,
        847,
        3,
        10,
        1
      ],
      [
        6,
        9,
        26,
        3,
        16,
        5,
        1,
        914,
        11,
        37
      ],
      [
        8,
        19,
        29,
        60,
        5,
        54,
        15,
        16,
        746,
        22
      ],
      [
        9,
        6,
        17,
        15,
        67,
        17,
        3,
        36,
        12,
        827
      ]
    ]
  },
  "no_feedback": {
    "label": "no feedback",
    "layer1_id": "SignedResidualLearning_4",
    "layer2_id": "SignedResidualLearning_5",
    "layer1_shape": [
      36,
      784
    ],
    "layer2_shape": [
      25,
      36
    ],
    "train_accuracy": 0.8783166666666666,
    "test_accuracy": 0.8833,
    "top3_accuracy": 0.9747,
    "top5_accuracy": 0.9926,
    "train_active_fraction": 1.0,
    "test_active_fraction": 1.0,
    "recon_err_l1_train": 0.0244928989559412,
    "recon_err_l2_train": 0.13033440709114075,
    "recon_err_l1_test": 0.02427639439702034,
    "recon_err_l2_test": 0.131184920668602,
    "recon_err_e2e_train": 0.029387548565864563,
    "recon_err_e2e_test": 0.0291353277862072,
    "max_iter": 1000,
    "dataset": "digits",
    "graph_path": "ax_graphs/feedback1.json",
    "classification_report": {
      "0": {
        "precision": 0.929064039408867,
        "recall": 0.9622448979591837,
        "f1-score": 0.9453634085213033,
        "support": 980.0
      },
      "1": {
        "precision": 0.960801393728223,
        "recall": 0.9718061674008811,
        "f1-score": 0.9662724485326325,
        "support": 1135.0
      },
      "2": {
        "precision": 0.8735177865612648,
        "recall": 0.8565891472868217,
        "f1-score": 0.8649706457925636,
        "support": 1032.0
      },
      "3": {
        "precision": 0.8567193675889329,
        "recall": 0.8584158415841584,
        "f1-score": 0.857566765578635,
        "support": 1010.0
      },
      "4": {
        "precision": 0.875,
        "recall": 0.8910386965376782,
        "f1-score": 0.8829465186680121,
        "support": 982.0
      },
      "5": {
        "precision": 0.8089385474860336,
        "recall": 0.8116591928251121,
        "f1-score": 0.8102965864577504,
        "support": 892.0
      },
      "6": {
        "precision": 0.9171907756813418,
        "recall": 0.9133611691022965,
        "f1-score": 0.9152719665271967,
        "support": 958.0
      },
      "7": {
        "precision": 0.9060665362035225,
        "recall": 0.9007782101167315,
        "f1-score": 0.9034146341463415,
        "support": 1028.0
      },
      "8": {
        "precision": 0.8425531914893617,
        "recall": 0.813141683778234,
        "f1-score": 0.8275862068965517,
        "support": 974.0
      },
      "9": {
        "precision": 0.8423153692614771,
        "recall": 0.8364717542120912,
        "f1-score": 0.8393833913475882,
        "support": 1009.0
      },
      "accuracy": 0.8833,
      "macro avg": {
        "precision": 0.8812167007409025,
        "recall": 0.8815506760803189,
        "f1-score": 0.8813072572468575,
        "support": 10000.0
      },
      "weighted avg": {
        "precision": 0.8829220620271226,
        "recall": 0.8833,
        "f1-score": 0.8830353140802514,
        "support": 10000.0
      }
    },