{
  "weights_path": "experiments_crg/r002/crg_mnist_latest.npz",
  "encoding": "loo-inhibited",
  "template_count": 512,
  "train_samples": 60000,
  "test_samples": 10000,
  "train_accuracy": 0.8393,
  "test_accuracy": 0.8237,
  "top3_accuracy": 0.9767,
  "top5_accuracy": 0.9944,
  "train_active_fraction": 0.4513091796875,
  "test_active_fraction": 0.4511701171875,
  "regularization_C": 1.0,
  "max_iter": 1000,
  "classification_report": {
    "0": {
      "precision": 0.774102079395085,
      "recall": 0.819,
      "f1-score": 0.7959183673469388,
      "support": 1000.0
    },
    "1": {
      "precision": 0.9750778816199377,
      "recall": 0.939,
      "f1-score": 0.956698930208864,
      "support": 1000.0
    },
    "2": {
      "precision": 0.6802721088435374,
      "recall": 0.7,
      "f1-score": 0.6899950714637753,
      "support": 1000.0
    },
    "3": {
      "precision": 0.8181818181818182,
      "recall": 0.864,
      "f1-score": 0.8404669260700389,
      "support": 1000.0
    },
    "4": {
      "precision": 0.7119140625,
      "recall": 0.729,
      "f1-score": 0.7203557312252964,
      "support": 1000.0
    },
    "5": {
      "precision": 0.9222222222222223,
      "recall": 0.913,
      "f1-score": 0.9175879396984925,
      "support": 1000.0
    },
    "6": {
      "precision": 0.5896510228640193,
      "recall": 0.49,
      "f1-score": 0.5352266521026762,
      "support": 1000.0
    },
    "7": {
      "precision": 0.8994082840236687,
      "recall": 0.912,
      "f1-score": 0.9056603773584906,
      "support": 1000.0
    },
    "8": {
      "precision": 0.9189723320158103,
      "recall": 0.93,
      "f1-score": 0.9244532803180915,
      "support": 1000.0
    },
    "9": {
      "precision": 0.9198435972629521,
      "recall": 0.941,
      "f1-score": 0.9303015323776569,
      "support": 1000.0
    },
    "accuracy": 0.8237,
    "macro avg": {
      "precision": 0.820964540892905,
      "recall": 0.8237,
      "f1-score": 0.8216664808170322,
      "support": 10000.0
    },
    "weighted avg": {
      "precision": 0.820964540892905,
      "recall": 0.8237,
      "f1-score": 0.8216664808170321,
      "support": 10000.0
    }
  },
  "confusion_matrix": [
    [
      819,
      5,
      17,
      49,
      7,
      3,
      78,
      0,
      22,
      0
    ],
    [
      3,
      939,
      12,
      36,
      5,
      0,
      3,
      0,
      2,
      0
    ],
    [
      17,
      5,
      700,
      10,
      138,
      6,
      111,
      0,
      13,
      0
    ],
    [
      30,
      9,
      7,
      864,
      35,
      1,
      50,
      0,
      4,
      0
    ],
    [
      0,
      2,
      136,
      49,
      729,
      1,
      76,
      0,
      7,
      0
    ],
    [
      0,
      0,
      0,
      2,
      0,
      913,
      0,
      50,
      4,
      31
    ],
    [
      186,
      2,
      144,
      37,
      106,
      5,
      490,
      1,
      29,
      0
    ],
    [
      0,
      0,
      0,
      0,
      0,
      37,
      0,
      912,
      0,
      51
    ],
    [
      3,
      1,
      13,
      8,
      4,
      11,
      23,
      7,
      930,
      0
    ],
    [
      0,
      0,
      0,
      1,
      0,
      13,
      0,
      44,
      1,
      941
    ]
  ]
}