{
  "feedback": {
    "label": "with feedback",
    "layer1_id": "SignedResidualLearning_1",
    "layer2_id": "SignedResidualLearning_3",
    "layer1_shape": [
      36,
      784
    ],
    "layer2_shape": [
      25,
      36
    ],
    "train_accuracy": 0.8599166666666667,
    "test_accuracy": 0.866,
    "top3_accuracy": 0.9704,
    "top5_accuracy": 0.9899,
    "train_active_fraction": 1.0,
    "test_active_fraction": 1.0,
    "recon_err_l1_train": 0.04412265494465828,
    "recon_err_l2_train": 0.16379813849925995,
    "recon_err_l1_test": 0.0441405363380909,
    "recon_err_l2_test": 0.16511432826519012,
    "recon_err_e2e_train": 0.03925570100545883,
    "recon_err_e2e_test": 0.03920331597328186,
    "max_iter": 1000,
    "dataset": "digits",
    "graph_path": "ax_graphs/feedback1.json",
    "classification_report": {
      "0": {
        "precision": 0.9107662463627546,
        "recall": 0.9581632653061225,
        "f1-score": 0.9338637493784187,
        "support": 980.0
      },
      "1": {
        "precision": 0.9451585261353899,
        "recall": 0.9718061674008811,
        "f1-score": 0.9582971329278888,
        "support": 1135.0
      },
      "2": {
        "precision": 0.8654434250764526,
        "recall": 0.8226744186046512,
        "f1-score": 0.8435171385991058,
        "support": 1032.0
      },
      "3": {
        "precision": 0.8364348677766895,
        "recall": 0.8455445544554455,
        "f1-score": 0.8409650418513048,
        "support": 1010.0
      },
      "4": {
        "precision": 0.8575638506876228,
        "recall": 0.8890020366598778,
        "f1-score": 0.873,
        "support": 982.0
      },
      "5": {
        "precision": 0.7993079584775087,
        "recall": 0.7769058295964125,
        "f1-score": 0.7879476975554293,
        "support": 892.0
      },
      "6": {
        "precision": 0.8982346832814122,
        "recall": 0.9029227557411273,
        "f1-score": 0.9005726184279021,
        "support": 958.0
      },
      "7": {
        "precision": 0.8756169792694966,
        "recall": 0.8628404669260701,
        "f1-score": 0.8691817736403724,
        "support": 1028.0
      },
      "8": {
        "precision": 0.8106951871657754,
        "recall": 0.7782340862422998,
        "f1-score": 0.7941330539549503,
        "support": 974.0
      },
      "9": {
        "precision": 0.8356573705179283,
        "recall": 0.8315163528245788,
        "f1-score": 0.8335817188276204,
        "support": 1009.0
      },
      "accuracy": 0.866,
      "macro avg": {
        "precision": 0.863487909475103,
        "recall": 0.8639609933757466,
        "f1-score": 0.8635059925162993,
        "support": 10000.0
      },
      "weighted avg": {
        "precision": 0.8651791560494395,
        "recall": 0.866,
        "f1-score": 0.8653710426392967,
        "support": 10000.0
      }
    },
    "confusion_matrix": [
      [
        939,
        0,
        9,
        4,
        2,
        15,
        8,
        1,
        2,
        0
      ],
      [
        0,
        1103,
        1,
        4,
        0,
        6,
        4,
        1,
        16,
        0
      ],
      [
        11,
        19,
        849,
        23,
        26,
        4,
        21,
        23,
        48,
        8
      ],
      [
        4,
        2,
        25,
        854,
        1,
        53,
        9,
        20,
        31,
        11
      ],
      [
        4,
        3,
        14,
        1,
        873,
        6,
        11,
        4,
        13,
        53
      ],
      [
        16,
        7,
        4,
        67,
        17,
        693,
        25,
        18,
        27,
        18
      ],
      [
        25,
        3,
        13,
        4,
        19,
        21,
        865,
        4,
        4,
        0
      ],
      [
        8,
        10,
        37,
        4,
        16,
        7,
        0,
        887,
        14,
        45
      ],
      [
        14,
        12,
        23,
        47,
        15,
        44,
        18,
        13,
        758,
        30
      ],
      [
        10,
        8,
        6,
        13,
        49,
        18,
        2,
        42,
        22,
        839
      ]
    ]
  },
  "no_feedback": {
    "label": "no feedback",
    "layer1_id": "SignedResidualLearning_4",
    "layer2_id": "SignedResidualLearning_5",
    "layer1_shape": [
      36,
      784
    ],
    "layer2_shape": [
      25,
      36
    ],
    "train_accuracy": 0.8771666666666667,
    "test_accuracy": 0.8816,
    "top3_accuracy": 0.975,
    "top5_accuracy": 0.9916,
    "train_active_fraction": 1.0,
    "test_active_fraction": 1.0,
    "recon_err_l1_train": 0.025140197947621346,
    "recon_err_l2_train": 0.13112948834896088,
    "recon_err_l1_test": 0.02490229718387127,
    "recon_err_l2_test": 0.13189475238323212,
    "recon_err_e2e_train": 0.029919205233454704,
    "recon_err_e2e_test": 0.029644977301359177,
    "max_iter": 1000,
    "dataset": "digits",
    "graph_path": "ax_graphs/feedback1.json",
    "classification_report": {
      "0": {
        "precision": 0.9291338582677166,
        "recall": 0.963265306122449,
        "f1-score": 0.9458917835671342,
        "support": 980.0
      },
      "1": {
        "precision": 0.9500430663221361,
        "recall": 0.9718061674008811,
        "f1-score": 0.960801393728223,
        "support": 1135.0
      },
      "2": {
        "precision": 0.8820564516129032,
        "recall": 0.8478682170542635,
        "f1-score": 0.8646245059288538,
        "support": 1032.0
      },
      "3": {
        "precision": 0.8558909444985394,
        "recall": 0.8702970297029703,
        "f1-score": 0.8630338733431517,
        "support": 1010.0
      },
      "4": {
        "precision": 0.8646245059288538,
        "recall": 0.8910386965376782,
        "f1-score": 0.8776328986960883,
        "support": 982.0
      },
      "5": {
        "precision": 0.8190899001109878,
        "recall": 0.827354260089686,
        "f1-score": 0.8232013385387619,
        "support": 892.0
      },
      "6": {
        "precision": 0.910901467505241,
        "recall": 0.907098121085595,
        "f1-score": 0.9089958158995816,
        "support": 958.0
      },
      "7": {
        "precision": 0.9044776119402985,
        "recall": 0.8842412451361867,
        "f1-score": 0.8942449581898672,
        "support": 1028.0
      },
      "8": {
        "precision": 0.8419354838709677,
        "recall": 0.8039014373716632,
        "f1-score": 0.8224789915966386,
        "support": 974.0
      },
      "9": {
        "precision": 0.8393213572854291,
        "recall": 0.8334985133795837,
        "f1-score": 0.836399801093983,
        "support": 1009.0
      },
      "accuracy": 0.8816,
      "macro avg": {
        "precision": 0.8797474647343073,
        "recall": 0.8800368993880957,
        "f1-score": 0.8797305360582284,
        "support": 10000.0
      },
      "weighted avg": {
        "precision": 0.8812638630843131,
        "recall": 0.8816,
        "f1-score": 0.8812695078238557,
        "support": 10000.0
      }
    },