{
  "weights_path": "experiments_crg/r003/crg_mnist_latest.npz",
  "encoding": "loo-inhibited",
  "template_count": 100,
  "train_samples": 60000,
  "test_samples": 10000,
  "train_accuracy": 0.9115333333333333,
  "test_accuracy": 0.9149,
  "top3_accuracy": 0.9813,
  "top5_accuracy": 0.9946,
  "train_active_fraction": 0.47389383333333335,
  "test_active_fraction": 0.474813,
  "regularization_C": 1.0,
  "max_iter": 1000,
  "classification_report": {
    "0": {
      "precision": 0.9381139489194499,
      "recall": 0.9744897959183674,
      "f1-score": 0.955955955955956,
      "support": 980.0
    },
    "1": {
      "precision": 0.9719051799824407,
      "recall": 0.9753303964757709,
      "f1-score": 0.9736147757255936,
      "support": 1135.0
    },
    "2": {
      "precision": 0.9162462159434914,
      "recall": 0.8798449612403101,
      "f1-score": 0.897676717745922,
      "support": 1032.0
    },
    "3": {
      "precision": 0.9002991026919243,
      "recall": 0.8940594059405941,
      "f1-score": 0.8971684053651267,
      "support": 1010.0
    },
    "4": {
      "precision": 0.901296111665005,
      "recall": 0.9205702647657841,
      "f1-score": 0.9108312342569269,
      "support": 982.0
    },
    "5": {
      "precision": 0.8859447004608295,
      "recall": 0.8621076233183856,
      "f1-score": 0.8738636363636364,
      "support": 892.0
    },
    "6": {
      "precision": 0.9317476732161324,
      "recall": 0.9405010438413361,
      "f1-score": 0.9361038961038961,
      "support": 958.0
    },
    "7": {
      "precision": 0.9227005870841487,
      "recall": 0.9173151750972762,
      "f1-score": 0.92,
      "support": 1028.0
    },
    "8": {
      "precision": 0.8797145769622834,
      "recall": 0.8860369609856262,
      "f1-score": 0.8828644501278773,
      "support": 974.0
    },
    "9": {
      "precision": 0.8888888888888888,
      "recall": 0.88800792864222,
      "f1-score": 0.888448190381755,
      "support": 1009.0
    },
    "accuracy": 0.9149,
    "macro avg": {
      "precision": 0.9136856985814594,
      "recall": 0.913826355622567,
      "f1-score": 0.9136527262026689,
      "support": 10000.0
    },
    "weighted avg": {
      "precision": 0.9147549053573464,
      "recall": 0.9149,
      "f1-score": 0.9147256436081896,
      "support": 10000.0
    }
  },
  "confusion_matrix": [
    [
      955,
      0,
      2,
      1,
      2,
      5,
      9,
      2,
      2,
      2
    ],
    [
      0,
      1107,
      1,
      2,
      0,
      1,
      4,
      2,
      17,
      1
    ],
    [
      12,
      5,
      908,
      21,
      20,
      2,
      9,
      17,
      31,
      7
    ],
    [
      5,
      0,
      26,
      903,
      1,
      35,
      2,
      14,
      18,
      6
    ],
    [
      1,
      3,
      8,
      1,
      904,
      3,
      10,
      3,
      6,
      43
    ],
    [
      12,
      1,
      3,
      39,
      8,
      769,
      19,
      6,
      28,
      7
    ],
    [
      15,
      3,
      8,
      2,
      11,
      14,
      901,
      0,
      4,
      0
    ],
    [
      2,
      10,
      27,
      2,
      6,
      1,
      0,
      943,
      3,
      34
    ],
    [
      8,
      4,
      6,
      22,
      9,
      25,
      12,
      13,
      863,
      12
    ],
    [
      8,
      6,
      2,
      10,
      42,
      13,
      1,
      22,
      9,
      896
    ]
  ]
}