{
  "feedback": {
    "label": "with feedback",
    "layer1_id": "SignedResidualLearning_1",
    "layer2_id": "SignedResidualLearning_3",
    "layer1_shape": [
      36,
      784
    ],
    "layer2_shape": [
      25,
      36
    ],
    "train_accuracy": 0.8707,
    "test_accuracy": 0.8773,
    "top3_accuracy": 0.9731,
    "top5_accuracy": 0.991,
    "train_active_fraction": 1.0,
    "test_active_fraction": 1.0,
    "recon_err_l1_train": 0.03460729122161865,
    "recon_err_l2_train": 0.13084864616394043,
    "recon_err_l1_test": 0.03462003916501999,
    "recon_err_l2_test": 0.13151459395885468,
    "recon_err_e2e_train": 0.03505535423755646,
    "recon_err_e2e_test": 0.03501065820455551,
    "max_iter": 1000,
    "dataset": "digits",
    "graph_path": "ax_graphs/feedback1.json",
    "classification_report": {
      "0": {
        "precision": 0.9284294234592445,
        "recall": 0.9530612244897959,
        "f1-score": 0.9405840886203424,
        "support": 980.0
      },
      "1": {
        "precision": 0.9522983521248916,
        "recall": 0.9674008810572687,
        "f1-score": 0.9597902097902098,
        "support": 1135.0
      },
      "2": {
        "precision": 0.8818181818181818,
        "recall": 0.8459302325581395,
        "f1-score": 0.8635014836795252,
        "support": 1032.0
      },
      "3": {
        "precision": 0.858128078817734,
        "recall": 0.8623762376237624,
        "f1-score": 0.860246913580247,
        "support": 1010.0
      },
      "4": {
        "precision": 0.8730964467005076,
        "recall": 0.8757637474541752,
        "f1-score": 0.8744280630401627,
        "support": 982.0
      },
      "5": {
        "precision": 0.8056818181818182,
        "recall": 0.7948430493273543,
        "f1-score": 0.8002257336343115,
        "support": 892.0
      },
      "6": {
        "precision": 0.8914807302231237,
        "recall": 0.9175365344467641,
        "f1-score": 0.904320987654321,
        "support": 958.0
      },
      "7": {
        "precision": 0.8956692913385826,
        "recall": 0.8852140077821011,
        "f1-score": 0.8904109589041096,
        "support": 1028.0
      },
      "8": {
        "precision": 0.8298097251585623,
        "recall": 0.8059548254620124,
        "f1-score": 0.8177083333333334,
        "support": 974.0
      },
      "9": {
        "precision": 0.8347996089931574,
        "recall": 0.846382556987116,
        "f1-score": 0.8405511811023622,
        "support": 1009.0
      },
      "accuracy": 0.8773,
      "macro avg": {
        "precision": 0.8751211656815803,
        "recall": 0.8754463297188488,
        "f1-score": 0.8751767953338924,
        "support": 10000.0
      },
      "weighted avg": {
        "precision": 0.8768848129200516,
        "recall": 0.8773,
        "f1-score": 0.8769852951465604,
        "support": 10000.0
      }
    },
    "confusion_matrix": [
      [
        934,
        0,
        9,
        4,
        0,
        13,
        12,
        3,
        4,
        1
      ],
      [
        0,
        1098,
        4,
        4,
        0,
        2,
        3,
        1,
        23,
        0
      ],
      [
        12,
        13,
        873,
        14,
        13,
        4,
        30,
        20,
        47,
        6
      ],
      [
        8,
        1,
        24,
        871,
        0,
        43,
        8,
        23,
        21,
        11
      ],
      [
        2,
        5,
        6,
        0,
        860,
        5,
        17,
        4,
        12,
        71
      ],
      [
        13,
        4,
        5,
        63,
        22,
        709,
        23,
        13,
        29,
        11
      ],
      [
        13,
        3,
        8,
        2,
        17,
        26,
        879,
        7,
        3,
        0
      ],
      [
        3,
        11,
        39,
        4,
        8,
        4,
        1,
        910,
        8,
        40
      ],
      [
        13,
        9,
        13,
        41,
        14,
        49,
        12,
        9,
        785,
        29
      ],
      [
        8,
        9,
        9,
        12,
        51,
        25,
        1,
        26,
        14,
        854
      ]
    ]
  },
  "no_feedback": {
    "label": "no feedback",
    "layer1_id": "SignedResidualLearning_4",
    "layer2_id": "SignedResidualLearning_5",
    "layer1_shape": [
      36,
      784
    ],
    "layer2_shape": [
      25,
      36
    ],
    "train_accuracy": 0.873,
    "test_accuracy": 0.8794,
    "top3_accuracy": 0.9738,
    "top5_accuracy": 0.9912,
    "train_active_fraction": 1.0,
    "test_active_fraction": 1.0,
    "recon_err_l1_train": 0.023562928661704063,
    "recon_err_l2_train": 0.135684072971344,
    "recon_err_l1_test": 0.023394091054797173,
    "recon_err_l2_test": 0.13612592220306396,
    "recon_err_e2e_train": 0.028724422678351402,
    "recon_err_e2e_test": 0.02852732501924038,
    "max_iter": 1000,
    "dataset": "digits",
    "graph_path": "ax_graphs/feedback1.json",
    "classification_report": {
      "0": {
        "precision": 0.9229249011857708,
        "recall": 0.9530612244897959,
        "f1-score": 0.9377510040160643,
        "support": 980.0
      },
      "1": {
        "precision": 0.9540727902946274,
        "recall": 0.9700440528634361,
        "f1-score": 0.9619921363040629,
        "support": 1135.0
      },
      "2": {
        "precision": 0.8777335984095428,
        "recall": 0.8556201550387597,
        "f1-score": 0.8665358194308145,
        "support": 1032.0
      },
      "3": {
        "precision": 0.8521400778210116,
        "recall": 0.8673267326732673,
        "f1-score": 0.8596663395485771,
        "support": 1010.0
      },
      "4": {
        "precision": 0.8612204724409449,
        "recall": 0.8910386965376782,
        "f1-score": 0.8758758758758759,
        "support": 982.0
      },
      "5": {
        "precision": 0.8253783469150174,
        "recall": 0.7948430493273543,
        "f1-score": 0.8098229583095374,
        "support": 892.0
      },
      "6": {
        "precision": 0.8933333333333333,
        "recall": 0.9091858037578288,
        "f1-score": 0.901189860320745,
        "support": 958.0
      },
      "7": {
        "precision": 0.9025590551181102,
        "recall": 0.892023346303502,
        "f1-score": 0.8972602739726028,
        "support": 1028.0
      },
      "8": {
        "precision": 0.841031149301826,
        "recall": 0.8039014373716632,
        "f1-score": 0.8220472440944881,
        "support": 974.0
      },
      "9": {
        "precision": 0.8424725822532403,
        "recall": 0.8374628344895937,
        "f1-score": 0.8399602385685885,
        "support": 1009.0
      },
      "accuracy": 0.8794,
      "macro avg": {
        "precision": 0.8772866307073425,
        "recall": 0.8774507332852879,
        "f1-score": 0.8772101750441357,
        "support": 10000.0
      },
      "weighted avg": {
        "precision": 0.8788640778597779,
        "recall": 0.8794,
        "f1-score": 0.8789774560454582,
        "support": 10000.0
      }
    },