{
  "feedback": {
    "label": "with feedback",
    "layer1_id": "SignedResidualLearning_1",
    "layer2_id": "SignedResidualLearning_3",
    "layer1_shape": [
      36,
      784
    ],
    "layer2_shape": [
      25,
      36
    ],
    "train_accuracy": 0.8717666666666667,
    "test_accuracy": 0.8761,
    "top3_accuracy": 0.9721,
    "top5_accuracy": 0.9918,
    "train_active_fraction": 1.0,
    "test_active_fraction": 1.0,
    "recon_err_l1_train": 0.0331101231276989,
    "recon_err_l2_train": 0.13240927457809448,
    "recon_err_l1_test": 0.03314262256026268,
    "recon_err_l2_test": 0.13470344245433807,
    "recon_err_e2e_train": 0.040622156113386154,
    "recon_err_e2e_test": 0.040689241141080856,
    "max_iter": 1000,
    "dataset": "digits",
    "graph_path": "ax_graphs/feedback1.json",
    "classification_report": {
      "0": {
        "precision": 0.9266862170087976,
        "recall": 0.9673469387755103,
        "f1-score": 0.946580129805292,
        "support": 980.0
      },
      "1": {
        "precision": 0.9581151832460733,
        "recall": 0.9674008810572687,
        "f1-score": 0.9627356422621657,
        "support": 1135.0
      },
      "2": {
        "precision": 0.8638638638638638,
        "recall": 0.8362403100775194,
        "f1-score": 0.8498276710979813,
        "support": 1032.0
      },
      "3": {
        "precision": 0.8389912706110573,
        "recall": 0.8564356435643564,
        "f1-score": 0.8476237138657521,
        "support": 1010.0
      },
      "4": {
        "precision": 0.8689516129032258,
        "recall": 0.8778004073319755,
        "f1-score": 0.8733535967578521,
        "support": 982.0
      },
      "5": {
        "precision": 0.8121420389461627,
        "recall": 0.7948430493273543,
        "f1-score": 0.803399433427762,
        "support": 892.0
      },
      "6": {
        "precision": 0.9001040582726326,
        "recall": 0.9029227557411273,
        "f1-score": 0.9015112037519541,
        "support": 958.0
      },
      "7": {
        "precision": 0.8948919449901768,
        "recall": 0.8861867704280155,
        "f1-score": 0.8905180840664711,
        "support": 1028.0
      },
      "8": {
        "precision": 0.8324496288441146,
        "recall": 0.8059548254620124,
        "f1-score": 0.8189880020865936,
        "support": 974.0
      },
      "9": {
        "precision": 0.8431952662721893,
        "recall": 0.8473736372646185,
        "f1-score": 0.8452792881858626,
        "support": 1009.0
      },
      "accuracy": 0.8761,
      "macro avg": {
        "precision": 0.8739391084958295,
        "recall": 0.8742505219029757,
        "f1-score": 0.8739816765307686,
        "support": 10000.0
      },
      "weighted avg": {
        "precision": 0.8756081668526425,
        "recall": 0.8761,
        "f1-score": 0.8757422554814626,
        "support": 10000.0
      }
    },
    "confusion_matrix": [
      [
        948,
        0,
        5,
        2,
        0,
        15,
        6,
        2,
        2,
        0
      ],
      [
        0,
        1098,
        2,
        5,
        0,
        3,
        3,
        2,
        22,
        0
      ],
      [
        11,
        13,
        863,
        26,
        21,
        5,
        21,
        21,
        45,
        6
      ],
      [
        3,
        0,
        29,
        865,
        1,
        50,
        2,
        21,
        27,
        12
      ],
      [
        3,
        2,
        6,
        1,
        862,
        5,
        27,
        7,
        9,
        60
      ],
      [
        14,
        4,
        13,
        63,
        14,
        709,
        24,
        9,
        31,
        11
      ],
      [
        21,
        3,
        15,
        2,
        17,
        26,
        865,
        5,
        4,
        0
      ],
      [
        3,
        10,
        31,
        6,
        11,
        3,
        0,
        911,
        4,
        49
      ],
      [
        11,
        6,
        23,
        50,
        11,
        42,
        12,
        13,
        785,
        21
      ],
      [
        9,
        10,
        12,
        11,
        55,
        15,
        1,
        27,
        14,
        855
      ]
    ]
  },
  "no_feedback": {
    "label": "no feedback",
    "layer1_id": "SignedResidualLearning_4",
    "layer2_id": "SignedResidualLearning_5",
    "layer1_shape": [
      36,
      784
    ],
    "layer2_shape": [
      25,
      36
    ],
    "train_accuracy": 0.8750166666666667,
    "test_accuracy": 0.8822,
    "top3_accuracy": 0.9742,
    "top5_accuracy": 0.9914,
    "train_active_fraction": 1.0,
    "test_active_fraction": 1.0,
    "recon_err_l1_train": 0.024491263553500175,
    "recon_err_l2_train": 0.12559866905212402,
    "recon_err_l1_test": 0.024300141260027885,
    "recon_err_l2_test": 0.12673136591911316,
    "recon_err_e2e_train": 0.02939101681113243,
    "recon_err_e2e_test": 0.029188958927989006,
    "max_iter": 1000,
    "dataset": "digits",
    "graph_path": "ax_graphs/feedback1.json",
    "classification_report": {
      "0": {
        "precision": 0.9368213228035538,
        "recall": 0.9683673469387755,
        "f1-score": 0.9523331660812845,
        "support": 980.0
      },
      "1": {
        "precision": 0.9540329575021682,
        "recall": 0.9691629955947136,
        "f1-score": 0.9615384615384616,
        "support": 1135.0
      },
      "2": {
        "precision": 0.8707070707070707,
        "recall": 0.8352713178294574,
        "f1-score": 0.8526211671612265,
        "support": 1032.0
      },
      "3": {
        "precision": 0.8488372093023255,
        "recall": 0.8673267326732673,
        "f1-score": 0.8579823702252694,
        "support": 1010.0
      },
      "4": {
        "precision": 0.8611925708699902,
        "recall": 0.8971486761710794,
        "f1-score": 0.8788029925187032,
        "support": 982.0
      },
      "5": {
        "precision": 0.8170011806375442,
        "recall": 0.7757847533632287,
        "f1-score": 0.7958596894767107,
        "support": 892.0
      },
      "6": {
        "precision": 0.9061855670103093,
        "recall": 0.9175365344467641,
        "f1-score": 0.9118257261410788,
        "support": 958.0
      },
      "7": {
        "precision": 0.9014634146341464,
        "recall": 0.8988326848249028,
        "f1-score": 0.9001461276181199,
        "support": 1028.0
      },
      "8": {
        "precision": 0.8495762711864406,
        "recall": 0.8234086242299795,
        "f1-score": 0.8362877997914494,
        "support": 974.0
      },
      "9": {
        "precision": 0.8544366899302094,
        "recall": 0.8493557978196233,
        "f1-score": 0.8518886679920478,
        "support": 1009.0
      },
      "accuracy": 0.8822,
      "macro avg": {
        "precision": 0.8800254254583757,
        "recall": 0.8802195463891792,
        "f1-score": 0.8799286168544352,
        "support": 10000.0
      },
      "weighted avg": {
        "precision": 0.8815707810915463,
        "recall": 0.8822,
        "f1-score": 0.8816970524545743,
        "support": 10000.0
      }
    },