{
  "weights_path": "experiments_crg/r001/crg_mnist_latest.npz",
  "encoding": "loo-inhibited",
  "template_count": 100,
  "train_samples": 60000,
  "test_samples": 10000,
  "train_accuracy": 0.9111666666666667,
  "test_accuracy": 0.9166,
  "top3_accuracy": 0.9829,
  "top5_accuracy": 0.9957,
  "train_active_fraction": 0.47386833333333334,
  "test_active_fraction": 0.475354,
  "regularization_C": 1.0,
  "max_iter": 1000,
  "classification_report": {
    "0": {
      "precision": 0.9498997995991983,
      "recall": 0.9673469387755103,
      "f1-score": 0.9585439838220424,
      "support": 980.0
    },
    "1": {
      "precision": 0.9719298245614035,
      "recall": 0.9762114537444934,
      "f1-score": 0.9740659340659341,
      "support": 1135.0
    },
    "2": {
      "precision": 0.9297893681043129,
      "recall": 0.8982558139534884,
      "f1-score": 0.9137506160670281,
      "support": 1032.0
    },
    "3": {
      "precision": 0.897131552917903,
      "recall": 0.898019801980198,
      "f1-score": 0.8975754576942108,
      "support": 1010.0
    },
    "4": {
      "precision": 0.9132189707366297,
      "recall": 0.9215885947046843,
      "f1-score": 0.9173846933603649,
      "support": 982.0
    },
    "5": {
      "precision": 0.8906976744186047,
      "recall": 0.8587443946188341,
      "f1-score": 0.8744292237442922,
      "support": 892.0
    },
    "6": {
      "precision": 0.926605504587156,
      "recall": 0.9488517745302714,
      "f1-score": 0.9375966993295514,
      "support": 958.0
    },
    "7": {
      "precision": 0.919921875,
      "recall": 0.9163424124513618,
      "f1-score": 0.9181286549707602,
      "support": 1028.0
    },
    "8": {
      "precision": 0.8661899897854954,
      "recall": 0.8706365503080082,
      "f1-score": 0.8684075780849975,
      "support": 974.0
    },
    "9": {
      "precision": 0.8891069676153092,
      "recall": 0.8979187314172448,
      "f1-score": 0.893491124260355,
      "support": 1009.0
    },
    "accuracy": 0.9166,
    "macro avg": {
      "precision": 0.9154491527326012,
      "recall": 0.9153916466484094,
      "f1-score": 0.9153373965399538,
      "support": 10000.0
    },
    "weighted avg": {
      "precision": 0.9165116746929322,
      "recall": 0.9166,
      "f1-score": 0.9164757844523687,
      "support": 10000.0
    }
  },
  "confusion_matrix": [
    [
      948,
      0,
      2,
      1,
      0,
      8,
      12,
      2,
      7,
      0
    ],
    [
      0,
      1108,
      3,
      2,
      0,
      1,
      3,
      1,
      17,
      0
    ],
    [
      10,
      3,
      927,
      13,
      14,
      1,
      7,
      17,
      36,
      4
    ],
    [
      3,
      0,
      19,
      907,
      1,
      29,
      2,
      12,
      26,
      11
    ],
    [
      1,
      1,
      2,
      2,
      905,
      2,
      18,
      3,
      6,
      42
    ],
    [
      9,
      2,
      5,
      42,
      14,
      766,
      16,
      6,
      24,
      8
    ],
    [
      12,
      3,
      6,
      0,
      8,
      16,
      909,
      1,
      3,
      0
    ],
    [
      2,
      9,
      22,
      5,
      9,
      1,
      0,
      942,
      3,
      35
    ],
    [
      6,
      8,
      8,
      28,
      9,
      26,
      13,
      15,
      848,
      13
    ],
    [
      7,
      6,
      3,
      11,
      31,
      10,
      1,
      25,
      9,
      906
    ]
  ]
}