{
  "weights_path": "experiments_crg/r005_fashion/crg_mnist_latest.npz",
  "encoding": "loo-inhibited",
  "template_count": 1024,
  "train_samples": 60000,
  "test_samples": 10000,
  "train_accuracy": 0.8983,
  "test_accuracy": 0.9018,
  "top3_accuracy": 0.9763,
  "top5_accuracy": 0.9931,
  "train_active_fraction": 0.15113776041666666,
  "test_active_fraction": 0.14950810546875,
  "regularization_C": 1.0,
  "max_iter": 1000,
  "classification_report": {
    "0": {
      "precision": 0.921875,
      "recall": 0.963265306122449,
      "f1-score": 0.9421157684630739,
      "support": 980.0
    },
    "1": {
      "precision": 0.9677980852915579,
      "recall": 0.9797356828193833,
      "f1-score": 0.9737302977232924,
      "support": 1135.0
    },
    "2": {
      "precision": 0.904572564612326,
      "recall": 0.8817829457364341,
      "f1-score": 0.8930323846908734,
      "support": 1032.0
    },
    "3": {
      "precision": 0.8597156398104265,
      "recall": 0.898019801980198,
      "f1-score": 0.8784503631961259,
      "support": 1010.0
    },
    "4": {
      "precision": 0.8756169792694966,
      "recall": 0.9032586558044806,
      "f1-score": 0.8892230576441102,
      "support": 982.0
    },
    "5": {
      "precision": 0.8992805755395683,
      "recall": 0.8408071748878924,
      "f1-score": 0.8690614136732329,
      "support": 892.0
    },
    "6": {
      "precision": 0.9145211122554068,
      "recall": 0.9269311064718163,
      "f1-score": 0.9206842923794712,
      "support": 958.0
    },
    "7": {
      "precision": 0.9166666666666666,
      "recall": 0.8881322957198443,
      "f1-score": 0.9021739130434783,
      "support": 1028.0
    },
    "8": {
      "precision": 0.8786307053941909,
      "recall": 0.8696098562628337,
      "f1-score": 0.8740970072239422,
      "support": 974.0
    },
    "9": {
      "precision": 0.8704453441295547,
      "recall": 0.8523290386521308,
      "f1-score": 0.8612919379068603,
      "support": 1009.0
    },
    "accuracy": 0.9018,
    "macro avg": {
      "precision": 0.9009122672969194,
      "recall": 0.9003871864457464,
      "f1-score": 0.9003860435944462,
      "support": 10000.0
    },
    "weighted avg": {
      "precision": 0.9018244374872986,
      "recall": 0.9018,
      "f1-score": 0.901558583753423,
      "support": 10000.0
    }
  },
  "confusion_matrix": [
    [
      944,
      0,
      3,
      4,
      2,
      5,
      12,
      2,
      8,
      0
    ],
    [
      0,
      1112,
      2,
      4,
      1,
      2,
      5,
      0,
      9,
      0
    ],
    [
      13,
      1,
      910,
      26,
      9,
      6,
      12,
      17,
      35,
      3
    ],
    [
      6,
      0,
      22,
      907,
      0,
      22,
      6,
      14,
      26,
      7
    ],
    [
      2,
      5,
      4,
      1,
      887,
      1,
      17,
      4,
      9,
      52
    ],
    [
      14,
      5,
      8,
      55,
      9,
      750,
      20,
      10,
      12,
      9
    ],
    [
      17,
      4,
      8,
      4,
      17,
      17,
      888,
      0,
      3,
      0
    ],
    [
      4,
      13,
      29,
      2,
      18,
      4,
      1,
      913,
      5,
      39
    ],
    [
      12,
      1,
      10,
      41,
      11,
      14,
      9,
      11,
      847,
      18
    ],
    [
      12,
      8,
      10,
      11,
      59,
      13,
      1,
      25,
      10,
      860
    ]
  ]
}