{
  "weights_path": "experiments_crg/r006_digits/crg_mnist_latest.npz",
  "encoding": "loo-inhibited",
  "template_count": 36,
  "train_samples": 60000,
  "test_samples": 10000,
  "train_accuracy": 0.7253166666666667,
  "test_accuracy": 0.7117,
  "top3_accuracy": 0.9428,
  "top5_accuracy": 0.9849,
  "train_active_fraction": 0.6167527777777778,
  "test_active_fraction": 0.6174722222222222,
  "regularization_C": 1.0,
  "max_iter": 1000,
  "classification_report": {
    "0": {
      "precision": 0.7044424297370807,
      "recall": 0.777,
      "f1-score": 0.738944365192582,
      "support": 1000.0
    },
    "1": {
      "precision": 0.9422268907563025,
      "recall": 0.897,
      "f1-score": 0.9190573770491803,
      "support": 1000.0
    },
    "2": {
      "precision": 0.46619217081850534,
      "recall": 0.524,
      "f1-score": 0.4934086629001883,
      "support": 1000.0
    },
    "3": {
      "precision": 0.7490566037735849,
      "recall": 0.794,
      "f1-score": 0.7708737864077669,
      "support": 1000.0
    },
    "4": {
      "precision": 0.578853046594982,
      "recall": 0.646,
      "f1-score": 0.610586011342155,
      "support": 1000.0
    },
    "5": {
      "precision": 0.8113006396588486,
      "recall": 0.761,
      "f1-score": 0.7853457172342622,
      "support": 1000.0
    },
    "6": {
      "precision": 0.3492333901192504,
      "recall": 0.205,
      "f1-score": 0.258349086326402,
      "support": 1000.0
    },
    "7": {
      "precision": 0.8251953125,
      "recall": 0.845,
      "f1-score": 0.8349802371541502,
      "support": 1000.0
    },
    "8": {
      "precision": 0.7386587771203156,
      "recall": 0.749,
      "f1-score": 0.7437934458788481,
      "support": 1000.0
    },
    "9": {
      "precision": 0.8493530499075785,
      "recall": 0.919,
      "f1-score": 0.882804995196926,
      "support": 1000.0
    },
    "accuracy": 0.7117,
    "macro avg": {
      "precision": 0.7014512310986448,
      "recall": 0.7116999999999999,
      "f1-score": 0.7038143684682461,
      "support": 10000.0
    },
    "weighted avg": {
      "precision": 0.7014512310986449,
      "recall": 0.7117,
      "f1-score": 0.703814368468246,
      "support": 10000.0
    }
  },
  "confusion_matrix": [
    [
      777,
      10,
      20,
      77,
      14,
      5,
      67,
      1,
      28,
      1
    ],
    [
      12,
      897,
      2,
      64,
      7,
      4,
      4,
      1,
      8,
      1
    ],
    [
      14,
      6,
      524,
      7,
      210,
      10,
      151,
      0,
      74,
      4
    ],
    [
      51,
      30,
      14,
      794,
      46,
      2,
      46,
      0,
      16,
      1
    ],
    [
      6,
      2,
      197,
      41,
      646,
      5,
      61,
      0,
      41,
      1
    ],
    [
      0,
      0,
      4,
      4,
      2,
      761,
      7,
      118,
      34,
      70
    ],
    [
      222,
      4,
      276,
      50,
      172,
      12,
      205,
      2,
      57,
      0
    ],
    [
      0,
      0,
      0,
      0,
      0,
      66,
      0,
      845,
      6,
      83
    ],
    [
      21,
      2,
      84,
      22,
      19,
      47,
      44,
      10,
      749,
      2
    ],
    [
      0,
      1,
      3,
      1,
      0,
      26,
      2,
      47,
      1,
      919
    ]
  ]
}